Label (Grouping),"Hartford town, Capitol Planning Region, Connecticut!!Estimate","New Britain town, Capitol Planning Region, Connecticut!!Estimate","Bridgeport town, Greater Bridgeport Planning Region, Connecticut!!Estimate","Waterbury town, Naugatuck Valley Planning Region, Connecticut!!Estimate","New Haven town, South Central Connecticut Planning Region, Connecticut!!Estimate","Danbury town, Western Connecticut Planning Region, Connecticut!!Estimate","Norwalk town, Western Connecticut Planning Region, Connecticut!!Estimate","Stamford town, Western Connecticut Planning Region, Connecticut!!Estimate","Central Kent CCD, Kent County, Delaware!!Estimate","Dover CCD, Kent County, Delaware!!Estimate","Felton CCD, Kent County, Delaware!!Estimate","Harrington CCD, Kent County, Delaware!!Estimate","Kenton CCD, Kent County, Delaware!!Estimate","Milford North CCD, Kent County, Delaware!!Estimate","Smyrna CCD, Kent County, Delaware!!Estimate","Brandywine CCD, New Castle County, Delaware!!Estimate","Glasgow CCD, New Castle County, Delaware!!Estimate","Lower Christiana CCD, New Castle County, Delaware!!Estimate","Middletown-Odessa CCD, New Castle County, Delaware!!Estimate","Newark CCD, New Castle County, Delaware!!Estimate","New Castle CCD, New Castle County, Delaware!!Estimate","Piedmont CCD, New Castle County, Delaware!!Estimate","Pike Creek-Central Kirkwood CCD, New Castle County, Delaware!!Estimate","Red Lion CCD, New Castle County, Delaware!!Estimate","Upper Christiana CCD, New Castle County, Delaware!!Estimate","Wilmington CCD, New Castle County, Delaware!!Estimate","Bridgeville-Greenwood CCD, Sussex County, Delaware!!Estimate","Georgetown CCD, Sussex County, Delaware!!Estimate","Laurel-Delmar CCD, Sussex County, Delaware!!Estimate","Lewes CCD, Sussex County, Delaware!!Estimate","Milford South CCD, Sussex County, Delaware!!Estimate","Millsboro CCD, Sussex County, Delaware!!Estimate","Milton CCD, Sussex County, Delaware!!Estimate","Seaford CCD, Sussex County, Delaware!!Estimate","Selbyville-Frankford CCD, Sussex County, Delaware!!Estimate","Gainesville CCD, Alachua County, Florida!!Estimate","Hawthorne CCD, Alachua County, Florida!!Estimate","High Springs-Alachua CCD, Alachua County, Florida!!Estimate","Micanopy CCD, Alachua County, Florida!!Estimate","Newberry-Archer CCD, Alachua County, Florida!!Estimate","Waldo CCD, Alachua County, Florida!!Estimate","Macclenny CCD, Baker County, Florida!!Estimate","Sanderson CCD, Baker County, Florida!!Estimate","Lynn Haven CCD, Bay County, Florida!!Estimate","Mexico Beach CCD, Bay County, Florida!!Estimate","Panama City CCD, Bay County, Florida!!Estimate","Panama City Beaches CCD, Bay County, Florida!!Estimate","Southport CCD, Bay County, Florida!!Estimate","Youngstown CCD, Bay County, Florida!!Estimate","Brooker CCD, Bradford County, Florida!!Estimate","Hampton CCD, Bradford County, Florida!!Estimate","Lawtey CCD, Bradford County, Florida!!Estimate","Starke CCD, Bradford County, Florida!!Estimate","Cocoa Beach-Cape Canaveral CCD, Brevard County, Florida!!Estimate","Cocoa-Rockledge CCD, Brevard County, Florida!!Estimate","Indialantic-Melbourne Beach CCD, Brevard County, Florida!!Estimate","Malabar CCD, Brevard County, Florida!!Estimate","Melbourne CCD, Brevard County, Florida!!Estimate","Melbourne Shores-Floridana Beach CCD, Brevard County, Florida!!Estimate","Merritt Island CCD, Brevard County, Florida!!Estimate","Palm Bay CCD, Brevard County, Florida!!Estimate","Space Center CCD, Brevard County, Florida!!Estimate","Titusville CCD, Brevard County, Florida!!Estimate","West Brevard CCD, Brevard County, Florida!!Estimate","Conservation CCD, Broward County, Florida!!Estimate","Coral Springs-Margate CCD, Broward County, Florida!!Estimate","Davie CCD, Broward County, Florida!!Estimate","Deerfield Beach CCD, Broward County, Florida!!Estimate","Fort Lauderdale CCD, Broward County, Florida!!Estimate","Hallandale Beach CCD, Broward County, Florida!!Estimate","Hollywood CCD, Broward County, Florida!!Estimate","Miramar-Pembroke Pines CCD, Broward County, Florida!!Estimate","Plantation CCD, Broward County, Florida!!Estimate","Pompano Beach CCD, Broward County, Florida!!Estimate","Altha CCD, Calhoun County, Florida!!Estimate","Blountstown CCD, Calhoun County, Florida!!Estimate","West Calhoun CCD, Calhoun County, Florida!!Estimate","Grove City-Rotonda CCD, Charlotte County, Florida!!Estimate","Port Charlotte CCD, Charlotte County, Florida!!Estimate","Punta Gorda CCD, Charlotte County, Florida!!Estimate","Crystal River CCD, Citrus County, Florida!!Estimate","Inverness CCD, Citrus County, Florida!!Estimate","Green Cove Springs CCD, Clay County, Florida!!Estimate","Keystone Heights CCD, Clay County, Florida!!Estimate","Middleburg-Clay Hill CCD, Clay County, Florida!!Estimate","Orange Park CCD, Clay County, Florida!!Estimate","Penney Farms CCD, Clay County, Florida!!Estimate","Everglades CCD, Collier County, Florida!!Estimate","Immokalee CCD, Collier County, Florida!!Estimate","Marco Island CCD, Collier County, Florida!!Estimate","Naples CCD, Collier County, Florida!!Estimate","Fort White CCD, Columbia County, Florida!!Estimate","Lake City CCD, Columbia County, Florida!!Estimate","North Columbia CCD, Columbia County, Florida!!Estimate","Arcadia East CCD, DeSoto County, Florida!!Estimate","Arcadia West CCD, DeSoto County, Florida!!Estimate","Cross City North CCD, Dixie County, Florida!!Estimate","Cross City South CCD, Dixie County, Florida!!Estimate","Baldwin CCD, Duval County, Florida!!Estimate","Jacksonville Beaches CCD, Duval County, Florida!!Estimate","Jacksonville East CCD, Duval County, Florida!!Estimate","Jacksonville North CCD, Duval County, Florida!!Estimate","Jacksonville West CCD, Duval County, Florida!!Estimate","Cantonment CCD, Escambia County, Florida!!Estimate","Century CCD, Escambia County, Florida!!Estimate","Northwest Escambia CCD, Escambia County, Florida!!Estimate","Pensacola CCD, Escambia County, Florida!!Estimate","Bunnell CCD, Flagler County, Florida!!Estimate","Flagler Beach CCD, Flagler County, Florida!!Estimate","Apalachicola CCD, Franklin County, Florida!!Estimate","Carrabelle CCD, Franklin County, Florida!!Estimate","Eastpoint CCD, Franklin County, Florida!!Estimate","Chattahoochee CCD, Gadsden County, Florida!!Estimate","Greensboro CCD, Gadsden County, Florida!!Estimate","Havana CCD, Gadsden County, Florida!!Estimate","Quincy CCD, Gadsden County, Florida!!Estimate","Bell CCD, Gilchrist County, Florida!!Estimate","Trenton CCD, Gilchrist County, Florida!!Estimate","Northeast Glades CCD, Glades County, Florida!!Estimate","Southwest Glades CCD, Glades County, Florida!!Estimate","Port St. Joe CCD, Gulf County, Florida!!Estimate","Wewahitchka CCD, Gulf County, Florida!!Estimate","Jasper CCD, Hamilton County, Florida!!Estimate","Jennings CCD, Hamilton County, Florida!!Estimate","White Springs CCD, Hamilton County, Florida!!Estimate","Bowling Green CCD, Hardee County, Florida!!Estimate","Wauchula CCD, Hardee County, Florida!!Estimate","Zolfo Springs CCD, Hardee County, Florida!!Estimate","Clewiston CCD, Hendry County, Florida!!Estimate","LaBelle CCD, Hendry County, Florida!!Estimate","Brooksville CCD, Hernando County, Florida!!Estimate","Hernando Beach CCD, Hernando County, Florida!!Estimate","Ridge Manor CCD, Hernando County, Florida!!Estimate","Spring Hill CCD, Hernando County, Florida!!Estimate","Avon Park CCD, Highlands County, Florida!!Estimate","Lake Placid CCD, Highlands County, Florida!!Estimate","Sebring CCD, Highlands County, Florida!!Estimate","Brandon CCD, Hillsborough County, Florida!!Estimate","Keystone-Citrus Park CCD, Hillsborough County, Florida!!Estimate","Palm River-Gibsonton CCD, Hillsborough County, Florida!!Estimate","Plant City CCD, Hillsborough County, Florida!!Estimate","Ruskin CCD, Hillsborough County, Florida!!Estimate","Tampa CCD, Hillsborough County, Florida!!Estimate","Wimauma-Riverview CCD, Hillsborough County, Florida!!Estimate","Bonifay CCD, Holmes County, Florida!!Estimate","Esto-Noma CCD, Holmes County, Florida!!Estimate","West Holmes CCD, Holmes County, Florida!!Estimate","Fellsmere CCD, Indian River County, Florida!!Estimate","Vero Beach CCD, Indian River County, Florida!!Estimate","Alford CCD, Jackson County, Florida!!Estimate","Campbellton CCD, Jackson County, Florida!!Estimate","Cottondale CCD, Jackson County, Florida!!Estimate","Cypress CCD, Jackson County, Florida!!Estimate","Graceville CCD, Jackson County, Florida!!Estimate","Greenwood CCD, Jackson County, Florida!!Estimate","Malone CCD, Jackson County, Florida!!Estimate","Marianna CCD, Jackson County, Florida!!Estimate","Sneads CCD, Jackson County, Florida!!Estimate","Monticello CCD, Jefferson County, Florida!!Estimate","Wacissa CCD, Jefferson County, Florida!!Estimate","Day CCD, Lafayette County, Florida!!Estimate","Mayo CCD, Lafayette County, Florida!!Estimate","Clermont CCD, Lake County, Florida!!Estimate","Eustis CCD, Lake County, Florida!!Estimate","Fruitland Park-Lady Lake CCD, Lake County, Florida!!Estimate","Groveland-Mascotte CCD, Lake County, Florida!!Estimate","Howey-in-the-Hills-Okahumpka CCD, Lake County, Florida!!Estimate","Leesburg CCD, Lake County, Florida!!Estimate","Leesburg East CCD, Lake County, Florida!!Estimate","Mount Dora CCD, Lake County, Florida!!Estimate","Tavares CCD, Lake County, Florida!!Estimate","Umatilla CCD, Lake County, Florida!!Estimate","Boca Grande CCD, Lee County, Florida!!Estimate","Bonita Springs CCD, Lee County, Florida!!Estimate","Cape Coral CCD, Lee County, Florida!!Estimate","Estero Island CCD, Lee County, Florida!!Estimate","Fort Myers CCD, Lee County, Florida!!Estimate","Fort Myers Shores CCD, Lee County, Florida!!Estimate","Lehigh Acres CCD, Lee County, Florida!!Estimate","North Fort Myers CCD, Lee County, Florida!!Estimate","Pine Island CCD, Lee County, Florida!!Estimate","Sanibel Island CCD, Lee County, Florida!!Estimate","East Leon CCD, Leon County, Florida!!Estimate","Northeast Leon CCD, Leon County, Florida!!Estimate","Northwest Leon CCD, Leon County, Florida!!Estimate","Southeast Leon CCD, Leon County, Florida!!Estimate","Southwest Leon CCD, Leon County, Florida!!Estimate","Tallahassee Central CCD, Leon County, Florida!!Estimate","Tallahassee East CCD, Leon County, Florida!!Estimate","Tallahassee Northeast CCD, Leon County, Florida!!Estimate","Tallahassee Northwest CCD, Leon County, Florida!!Estimate","Tallahassee South CCD, Leon County, Florida!!Estimate","Tallahassee Southwest CCD, Leon County, Florida!!Estimate","Cedar Key-Yankeetown CCD, Levy County, Florida!!Estimate","Chiefland CCD, Levy County, Florida!!Estimate","Williston-Bronson CCD, Levy County, Florida!!Estimate","East Liberty CCD, Liberty County, Florida!!Estimate","West Liberty CCD, Liberty County, Florida!!Estimate","Greenville CCD, Madison County, Florida!!Estimate","Madison CCD, Madison County, Florida!!Estimate","Bradenton CCD, Manatee County, Florida!!Estimate","Myakka City CCD, Manatee County, Florida!!Estimate","Palmetto CCD, Manatee County, Florida!!Estimate","Parrish CCD, Manatee County, Florida!!Estimate","Belleview CCD, Marion County, Florida!!Estimate","Dunnellon CCD, Marion County, Florida!!Estimate","East Marion CCD, Marion County, Florida!!Estimate","Fellowship CCD, Marion County, Florida!!Estimate","Fort McCoy-Anthony CCD, Marion County, Florida!!Estimate","Ocala CCD, Marion County, Florida!!Estimate","Reddick-McIntosh CCD, Marion County, Florida!!Estimate","Indiantown CCD, Martin County, Florida!!Estimate","Port Salerno-Hobe Sound CCD, Martin County, Florida!!Estimate","Stuart CCD, Martin County, Florida!!Estimate","Everglades CCD, Miami-Dade County, Florida!!Estimate","Hialeah CCD, Miami-Dade County, Florida!!Estimate","Homestead CCD, Miami-Dade County, Florida!!Estimate","Kendale Lakes-Tamiami CCD, Miami-Dade County, Florida!!Estimate","Kendall-Palmetto Bay CCD, Miami-Dade County, Florida!!Estimate","Key Biscayne CCD, Miami-Dade County, Florida!!Estimate","Miami CCD, Miami-Dade County, Florida!!Estimate","Miami Beach CCD, Miami-Dade County, Florida!!Estimate","Miami Gardens CCD, Miami-Dade County, Florida!!Estimate","North Westside CCD, Miami-Dade County, Florida!!Estimate","Princeton-Goulds CCD, Miami-Dade County, Florida!!Estimate","South Westside CCD, Miami-Dade County, Florida!!Estimate","Cape Sable CCD, Monroe County, Florida!!Estimate","Key West CCD, Monroe County, Florida!!Estimate","Lower Keys CCD, Monroe County, Florida!!Estimate","Middle Keys CCD, Monroe County, Florida!!Estimate","Upper Keys CCD, Monroe County, Florida!!Estimate","Callahan-Hilliard CCD, Nassau County, Florida!!Estimate","Fernandina Beach CCD, Nassau County, Florida!!Estimate","Yulee CCD, Nassau County, Florida!!Estimate","Baker CCD, Okaloosa County, Florida!!Estimate","Crestview CCD, Okaloosa County, Florida!!Estimate","Eglin AFB CCD, Okaloosa County, Florida!!Estimate","Fort Walton Beach CCD, Okaloosa County, Florida!!Estimate","Laurel Hill CCD, Okaloosa County, Florida!!Estimate","Niceville-Valparaiso CCD, Okaloosa County, Florida!!Estimate","North Okeechobee CCD, Okeechobee County, Florida!!Estimate","Okeechobee CCD, Okeechobee County, Florida!!Estimate","Apopka CCD, Orange County, Florida!!Estimate","East Orange CCD, Orange County, Florida!!Estimate","Orlando CCD, Orange County, Florida!!Estimate","Southwest Orange CCD, Orange County, Florida!!Estimate","Union Park CCD, Orange County, Florida!!Estimate","Winter Garden-Ocoee CCD, Orange County, Florida!!Estimate","Kissimmee CCD, Osceola County, Florida!!Estimate","St. Cloud CCD, Osceola County, Florida!!Estimate","South and East Osceola CCD, Osceola County, Florida!!Estimate","Belle Glade-Pahokee CCD, Palm Beach County, Florida!!Estimate","Boca Raton CCD, Palm Beach County, Florida!!Estimate","Boynton Beach-Delray Beach CCD, Palm Beach County, Florida!!Estimate","Glades CCD, Palm Beach County, Florida!!Estimate","Jupiter CCD, Palm Beach County, Florida!!Estimate","Lake Worth CCD, Palm Beach County, Florida!!Estimate","Riviera Beach CCD, Palm Beach County, Florida!!Estimate","Royal Palm Beach-West Jupiter CCD, Palm Beach County, Florida!!Estimate","Sunshine Parkway CCD, Palm Beach County, Florida!!Estimate","Western Community CCD, Palm Beach County, Florida!!Estimate","West Palm Beach CCD, Palm Beach County, Florida!!Estimate","Central Pasco CCD, Pasco County, Florida!!Estimate","Dade City CCD, Pasco County, Florida!!Estimate","Lacoochee CCD, Pasco County, Florida!!Estimate","New Port Richey CCD, Pasco County, Florida!!Estimate","Port Richey CCD, Pasco County, Florida!!Estimate","Zephyrhills CCD, Pasco County, Florida!!Estimate","Boca Ciega CCD, Pinellas County, Florida!!Estimate","Clearwater CCD, Pinellas County, Florida!!Estimate","St. Pete Beach CCD, Pinellas County, Florida!!Estimate","St. Petersburg CCD, Pinellas County, Florida!!Estimate","Tarpon Springs CCD, Pinellas County, Florida!!Estimate","Bartow CCD, Polk County, Florida!!Estimate","Frostproof CCD, Polk County, Florida!!Estimate","Haines City CCD, Polk County, Florida!!Estimate","Lakeland CCD, Polk County, Florida!!Estimate","Lake Wales CCD, Polk County, Florida!!Estimate","Winter Haven-Auburndale CCD, Polk County, Florida!!Estimate","Crescent City CCD, Putnam County, Florida!!Estimate","East Palatka CCD, Putnam County, Florida!!Estimate","Interlachen-Florahome CCD, Putnam County, Florida!!Estimate","Palatka CCD, Putnam County, Florida!!Estimate","Fruit Cove CCD, St. Johns County, Florida!!Estimate","Hastings CCD, St. Johns County, Florida!!Estimate","Matanzas CCD, St. Johns County, Florida!!Estimate","Ponte Vedra CCD, St. Johns County, Florida!!Estimate","St. Augustine CCD, St. Johns County, Florida!!Estimate","Fort Pierce CCD, St. Lucie County, Florida!!Estimate","Hutchinson Island CCD, St. Lucie County, Florida!!Estimate","Port St. Lucie CCD, St. Lucie County, Florida!!Estimate","West St. Lucie CCD, St. Lucie County, Florida!!Estimate","Allentown CCD, Santa Rosa County, Florida!!Estimate","Avalon-Mulat CCD, Santa Rosa County, Florida!!Estimate","Bagdad CCD, Santa Rosa County, Florida!!Estimate","Berrydale CCD, Santa Rosa County, Florida!!Estimate","East Milton CCD, Santa Rosa County, Florida!!Estimate","Eglin AFB CCD, Santa Rosa County, Florida!!Estimate","Gulf Breeze CCD, Santa Rosa County, Florida!!Estimate","Harold CCD, Santa Rosa County, Florida!!Estimate","Holley-Navarre CCD, Santa Rosa County, Florida!!Estimate","Jay CCD, Santa Rosa County, Florida!!Estimate","Midway CCD, Santa Rosa County, Florida!!Estimate","Milton CCD, Santa Rosa County, Florida!!Estimate","Munson CCD, Santa Rosa County, Florida!!Estimate","Navarre Beach CCD, Santa Rosa County, Florida!!Estimate","Pace CCD, Santa Rosa County, Florida!!Estimate","Skyline CCD, Santa Rosa County, Florida!!Estimate","Whiting Field CCD, Santa Rosa County, Florida!!Estimate","Englewood CCD, Sarasota County, Florida!!Estimate","Interior County CCD, Sarasota County, Florida!!Estimate","Longboat Key CCD, Sarasota County, Florida!!Estimate","North Port CCD, Sarasota County, Florida!!Estimate","Osprey-Laurel-Nokomis CCD, Sarasota County, Florida!!Estimate","Sarasota CCD, Sarasota County, Florida!!Estimate","Venice CCD, Sarasota County, Florida!!Estimate","Casselberry-Altamonte Springs CCD, Seminole County, Florida!!Estimate","Oviedo CCD, Seminole County, Florida!!Estimate","Sanford CCD, Seminole County, Florida!!Estimate","Bushnell-Center Hill CCD, Sumter County, Florida!!Estimate","Wildwood CCD, Sumter County, Florida!!Estimate","Branford CCD, Suwannee County, Florida!!Estimate","Dowling Park CCD, Suwannee County, Florida!!Estimate","Live Oak CCD, Suwannee County, Florida!!Estimate","McAlpin-Wellborn CCD, Suwannee County, Florida!!Estimate","Perry North CCD, Taylor County, Florida!!Estimate","Perry South CCD, Taylor County, Florida!!Estimate","Lake Butler CCD, Union County, Florida!!Estimate","Raiford CCD, Union County, Florida!!Estimate","Worthington Springs CCD, Union County, Florida!!Estimate","Central Volusia CCD, Volusia County, Florida!!Estimate","Daytona Beach CCD, Volusia County, Florida!!Estimate","DeBary-Orange City CCD, Volusia County, Florida!!Estimate","DeLand CCD, Volusia County, Florida!!Estimate","Deltona CCD, Volusia County, Florida!!Estimate","New Smyrna Beach CCD, Volusia County, Florida!!Estimate","North Peninsula CCD, Volusia County, Florida!!Estimate","Ormond Beach CCD, Volusia County, Florida!!Estimate","Pierson-Seville CCD, Volusia County, Florida!!Estimate","Port Orange CCD, Volusia County, Florida!!Estimate","South Peninsula CCD, Volusia County, Florida!!Estimate","East Wakulla CCD, Wakulla County, Florida!!Estimate","West Wakulla CCD, Wakulla County, Florida!!Estimate","DeFuniak Springs CCD, Walton County, Florida!!Estimate","Freeport CCD, Walton County, Florida!!Estimate","Paxton-Darlington CCD, Walton County, Florida!!Estimate","Redbay CCD, Walton County, Florida!!Estimate","Walton Beaches CCD, Walton County, Florida!!Estimate","Caryville CCD, Washington County, Florida!!Estimate","Chipley CCD, Washington County, Florida!!Estimate","Vernon CCD, Washington County, Florida!!Estimate","District 1, Orleans, Allegany County, Maryland!!Estimate","District 2, Oldtown, Allegany County, Maryland!!Estimate","District 3, Flintstone, Allegany County, Maryland!!Estimate","District 4, Cumberland, Allegany County, Maryland!!Estimate","District 5, Wills Creek, Allegany County, Maryland!!Estimate","District 6, Cumberland, Allegany County, Maryland!!Estimate","District 7, Cresaptown/Bel Air, Allegany County, Maryland!!Estimate","District 8, Westernport/Luke, Allegany County, Maryland!!Estimate","District 9, Barton, Allegany County, Maryland!!Estimate","District 10, Lonaconing, Allegany County, Maryland!!Estimate","District 11, West Frostburg, Allegany County, Maryland!!Estimate","District 12, East Frostburg, Allegany County, Maryland!!Estimate","District 13, Mount Savage, Allegany County, Maryland!!Estimate","District 14, Cumberland, Allegany County, Maryland!!Estimate","District 16, North Branch, Allegany County, Maryland!!Estimate","District 18, Midland/Shaft, Allegany County, Maryland!!Estimate","District 20, Corriganville/Ellerslie, Allegany County, Maryland!!Estimate","District 21, Gross, Allegany County, Maryland!!Estimate","District 22, Cumberland, Allegany County, Maryland!!Estimate","District 23, Decatur, Allegany County, Maryland!!Estimate","District 24, Eckhart, Allegany County, Maryland!!Estimate","District 26, Frostburg, Allegany County, Maryland!!Estimate","District 29, La Vale, Allegany County, Maryland!!Estimate","District 31, McCoole, Allegany County, Maryland!!Estimate","District 34, Bedford Road, Allegany County, Maryland!!Estimate","District 1, Anne Arundel County, Maryland!!Estimate","District 2, Anne Arundel County, Maryland!!Estimate","District 3, Anne Arundel County, Maryland!!Estimate","District 4, Anne Arundel County, Maryland!!Estimate","District 5, Anne Arundel County, Maryland!!Estimate","District 6, Anne Arundel County, Maryland!!Estimate","District 7, Anne Arundel County, Maryland!!Estimate","District 1, Baltimore County, Maryland!!Estimate","District 2, Baltimore County, Maryland!!Estimate","District 3, Baltimore County, Maryland!!Estimate","District 4, Baltimore County, Maryland!!Estimate","District 5, Baltimore County, Maryland!!Estimate","District 6, Baltimore County, Maryland!!Estimate","District 7, Baltimore County, Maryland!!Estimate","District 8, Baltimore County, Maryland!!Estimate","District 9, Baltimore County, Maryland!!Estimate","District 10, Baltimore County, Maryland!!Estimate","District 11, Baltimore County, Maryland!!Estimate","District 12, Baltimore County, Maryland!!Estimate","District 13, Baltimore County, Maryland!!Estimate","District 14, Baltimore County, Maryland!!Estimate","District 15, Baltimore County, Maryland!!Estimate","District 1, Solomons Island, Calvert County, Maryland!!Estimate","District 2, Prince Frederick, Calvert County, Maryland!!Estimate","District 3, Sunderland, Calvert County, Maryland!!Estimate","District 1, Henderson, Caroline County, Maryland!!Estimate","District 2, Greensboro, Caroline County, Maryland!!Estimate","District 3, Denton, Caroline County, Maryland!!Estimate","District 4, Preston, Caroline County, Maryland!!Estimate","District 5, Federalsburg, Caroline County, Maryland!!Estimate","District 6, Hillsboro, Caroline County, Maryland!!Estimate","District 7, Ridgely, Caroline County, Maryland!!Estimate","District 8, American Corner, Caroline County, Maryland!!Estimate","District 1, Taneytown, Carroll County, Maryland!!Estimate","District 2, Uniontown, Carroll County, Maryland!!Estimate","District 3, Myers, Carroll County, Maryland!!Estimate","District 4, Woolerys, Carroll County, Maryland!!Estimate","District 5, Freedom, Carroll County, Maryland!!Estimate","District 6, Manchester, Carroll County, Maryland!!Estimate","District 7, Westminster, Carroll County, Maryland!!Estimate","District 8, Hampstead, Carroll County, Maryland!!Estimate","District 9, Franklin, Carroll County, Maryland!!Estimate","District 10, Middleburg, Carroll County, Maryland!!Estimate","District 11, New Windsor, Carroll County, Maryland!!Estimate","District 12, Union Bridge, Carroll County, Maryland!!Estimate","District 13, Mount Airy, Carroll County, Maryland!!Estimate","District 14, Berrett, Carroll County, Maryland!!Estimate","District 1, Cecilton, Cecil County, Maryland!!Estimate","District 2, Chesapeake City, Cecil County, Maryland!!Estimate","District 3, Elkton, Cecil County, Maryland!!Estimate","District 4, Fair Hill, Cecil County, Maryland!!Estimate","District 5, North East, Cecil County, Maryland!!Estimate","District 6, Rising Sun, Cecil County, Maryland!!Estimate","District 7, Port Deposit, Cecil County, Maryland!!Estimate","District 8, Oakwood, Cecil County, Maryland!!Estimate","District 9, Calvert, Cecil County, Maryland!!Estimate","District 1, La Plata, Charles County, Maryland!!Estimate","District 2, Hill Top, Charles County, Maryland!!Estimate","District 3, Nanjemoy, Charles County, Maryland!!Estimate","District 4, Allens Fresh, Charles County, Maryland!!Estimate","District 5, Thompkinsville, Charles County, Maryland!!Estimate","District 6, Waldorf, Charles County, Maryland!!Estimate","District 7, Pomonkey, Charles County, Maryland!!Estimate","District 8, Bryantown, Charles County, Maryland!!Estimate","District 9, Hughesville, Charles County, Maryland!!Estimate","District 10, Marbury, Charles County, Maryland!!Estimate","District 1, Fork, Dorchester County, Maryland!!Estimate","District 2, East New Market, Dorchester County, Maryland!!Estimate","District 3, Vienna, Dorchester County, Maryland!!Estimate","District 4, Taylors Island, Dorchester County, Maryland!!Estimate","District 5, Lakes, Dorchester County, Maryland!!Estimate","District 6, Hoopers Island, Dorchester County, Maryland!!Estimate","District 7, Cambridge, Dorchester County, Maryland!!Estimate","District 8, Neck, Dorchester County, Maryland!!Estimate","District 9, Church Creek, Dorchester County, Maryland!!Estimate","District 10, Straits, Dorchester County, Maryland!!Estimate","District 11, Drawbridge, Dorchester County, Maryland!!Estimate","District 12, Williamsburg, Dorchester County, Maryland!!Estimate","District 13, Bucktown, Dorchester County, Maryland!!Estimate","District 14, Linkwood, Dorchester County, Maryland!!Estimate","District 15, Hurlock, Dorchester County, Maryland!!Estimate","District 16, Madison, Dorchester County, Maryland!!Estimate","District 17, Salem, Dorchester County, Maryland!!Estimate","District 18, Elliott, Dorchester County, Maryland!!Estimate","District 1, Buckeystown, Frederick County, Maryland!!Estimate","District 2, Frederick, Frederick County, Maryland!!Estimate","District 3, Middletown, Frederick County, Maryland!!Estimate","District 4, Creagerstown, Frederick County, Maryland!!Estimate","District 5, Emmitsburg, Frederick County, Maryland!!Estimate","District 6, Catoctin, Frederick County, Maryland!!Estimate","District 7, Urbana, Frederick County, Maryland!!Estimate","District 8, Liberty, Frederick County, Maryland!!Estimate","District 9, New Market, Frederick County, Maryland!!Estimate","District 10, Hauvers, Frederick County, Maryland!!Estimate","District 11, Woodsboro, Frederick County, Maryland!!Estimate","District 12, Petersville, Frederick County, Maryland!!Estimate","District 13, Mount Pleasant, Frederick County, Maryland!!Estimate","District 14, Jefferson, Frederick County, Maryland!!Estimate","District 15, Thurmont, Frederick County, Maryland!!Estimate","District 16, Jackson, Frederick County, Maryland!!Estimate","District 17, Johnsville, Frederick County, Maryland!!Estimate","District 18, Woodville, Frederick County, Maryland!!Estimate","District 19, Linganore, Frederick County, Maryland!!Estimate","District 20, Lewistown, Frederick County, Maryland!!Estimate","District 21, Tuscarora, Frederick County, Maryland!!Estimate","District 22, Burkittsville, Frederick County, Maryland!!Estimate","District 23, Ballenger, Frederick County, Maryland!!Estimate","District 24, Braddock, Frederick County, Maryland!!Estimate","District 25, Brunswick, Frederick County, Maryland!!Estimate","District 26, Walkersville, Frederick County, Maryland!!Estimate","District 1, Swanton, Garrett County, Maryland!!Estimate","District 2, Friendsville, Garrett County, Maryland!!Estimate","District 3, Grantsville, Garrett County, Maryland!!Estimate","District 4, Bloomington, Garrett County, Maryland!!Estimate","District 5, Accident, Garrett County, Maryland!!Estimate","District 6, Sang Run, Garrett County, Maryland!!Estimate","District 7, East Oakland, Garrett County, Maryland!!Estimate","District 8, Red House, Garrett County, Maryland!!Estimate","District 9, Finzel, Garrett County, Maryland!!Estimate","District 10, Deer Park, Garrett County, Maryland!!Estimate","District 11, The Elbow, Garrett County, Maryland!!Estimate","District 12, Bittinger, Garrett County, Maryland!!Estimate","District 13, Kitzmiller, Garrett County, Maryland!!Estimate","District 14, West Oakland, Garrett County, Maryland!!Estimate","District 15, Avilton, Garrett County, Maryland!!Estimate","District 16, Mountain Lake Park, Garrett County, Maryland!!Estimate","District 1, Abingdon, Harford County, Maryland!!Estimate","District 2, Halls Cross Roads, Harford County, Maryland!!Estimate","District 3, Bel Air, Harford County, Maryland!!Estimate","District 4, Marshall, Harford County, Maryland!!Estimate","District 5, Dublin, Harford County, Maryland!!Estimate","District 6, Havre de Grace, Harford County, Maryland!!Estimate","District 1, Elkridge, Howard County, Maryland!!Estimate","District 2, Ellicott City, Howard County, Maryland!!Estimate","District 3, West Friendship, Howard County, Maryland!!Estimate","District 4, Lisbon, Howard County, Maryland!!Estimate","District 5, Clarksville, Howard County, Maryland!!Estimate","District 6, Savage, Howard County, Maryland!!Estimate","District 1, Massey, Kent County, Maryland!!Estimate","District 2, Kennedyville, Kent County, Maryland!!Estimate","District 3, Worton (Betterton), Kent County, Maryland!!Estimate","District 4, Chestertown, Kent County, Maryland!!Estimate","District 5, Edesville, Kent County, Maryland!!Estimate","District 6, Fairlee, Kent County, Maryland!!Estimate","District 7, Pomona, Kent County, Maryland!!Estimate","District 1, Montgomery County, Maryland!!Estimate","District 2, Montgomery County, Maryland!!Estimate","District 3, Montgomery County, Maryland!!Estimate","District 4, Montgomery County, Maryland!!Estimate","District 5, Montgomery County, Maryland!!Estimate","District 6, Montgomery County, Maryland!!Estimate","District 7, Montgomery County, Maryland!!Estimate","District 8, Montgomery County, Maryland!!Estimate","District 9, Montgomery County, Maryland!!Estimate","District 10, Montgomery County, Maryland!!Estimate","District 11, Montgomery County, Maryland!!Estimate","District 12, Montgomery County, Maryland!!Estimate","District 13, Montgomery County, Maryland!!Estimate","District 1, Vansville, Prince George's County, Maryland!!Estimate","District 2, Bladensburg, Prince George's County, Maryland!!Estimate","District 3, Marlboro, Prince George's County, Maryland!!Estimate","District 4, Nottingham, Prince George's County, Maryland!!Estimate","District 5, Piscataway, Prince George's County, Maryland!!Estimate","District 6, Spauldings, Prince George's County, Maryland!!Estimate","District 7, Queen Anne, Prince George's County, Maryland!!Estimate","District 8, Aquasco, Prince George's County, Maryland!!Estimate","District 9, Surratts, Prince George's County, Maryland!!Estimate","District 10, Laurel, Prince George's County, Maryland!!Estimate","District 11, Brandywine, Prince George's County, Maryland!!Estimate","District 12, Oxon Hill, Prince George's County, Maryland!!Estimate","District 13, Kent, Prince George's County, Maryland!!Estimate","District 14, Bowie, Prince George's County, Maryland!!Estimate","District 15, Mellwood, Prince George's County, Maryland!!Estimate","District 16, Hyattsville, Prince George's County, Maryland!!Estimate","District 17, Chillum, Prince George's County, Maryland!!Estimate","District 18, Seat Pleasant, Prince George's County, Maryland!!Estimate","District 19, Riverdale, Prince George's County, Maryland!!Estimate","District 20, Lanham, Prince George's County, Maryland!!Estimate","District 21, Berwyn, Prince George's County, Maryland!!Estimate","District 1, Dixon, Queen Anne's County, Maryland!!Estimate","District 2, Church Hill, Queen Anne's County, Maryland!!Estimate","District 3, Centreville, Queen Anne's County, Maryland!!Estimate","District 4, Kent Island, Queen Anne's County, Maryland!!Estimate","District 5, Queenstown, Queen Anne's County, Maryland!!Estimate","District 6, Ruthsburg, Queen Anne's County, Maryland!!Estimate","District 7, Crumpton, Queen Anne's County, Maryland!!Estimate","District 1, St. Inigoes, St. Mary's County, Maryland!!Estimate","District 2, Valley Lee, St. Mary's County, Maryland!!Estimate","District 3, Leonardtown, St. Mary's County, Maryland!!Estimate","District 4, Chaptico, St. Mary's County, Maryland!!Estimate","District 5, Mechanicsville, St. Mary's County, Maryland!!Estimate","District 6, Patuxent, St. Mary's County, Maryland!!Estimate","District 7, Milestown, St. Mary's County, Maryland!!Estimate","District 8, Bay, St. Mary's County, Maryland!!Estimate","District 9, St. George Island, St. Mary's County, Maryland!!Estimate","District 1, West Princess Anne, Somerset County, Maryland!!Estimate","District 2, St. Peters, Somerset County, Maryland!!Estimate","District 3, Brinkleys, Somerset County, Maryland!!Estimate","District 4, Dublin, Somerset County, Maryland!!Estimate","District 5, Mount Vernon, Somerset County, Maryland!!Estimate","District 6, Fairmount, Somerset County, Maryland!!Estimate","District 7, Crisfield, Somerset County, Maryland!!Estimate","District 8, Lawsons, Somerset County, Maryland!!Estimate","District 9, Tangier, Somerset County, Maryland!!Estimate","District 10, Smith Island, Somerset County, Maryland!!Estimate","District 11, Dames Quarter, Somerset County, Maryland!!Estimate","District 12, Asbury, Somerset County, Maryland!!Estimate","District 13, Westover, Somerset County, Maryland!!Estimate","District 14, Deal Island, Somerset County, Maryland!!Estimate","District 15, East Princess Anne, Somerset County, Maryland!!Estimate","District 1, Easton, Talbot County, Maryland!!Estimate","District 2, St. Michaels, Talbot County, Maryland!!Estimate","District 3, Trappe, Talbot County, Maryland!!Estimate","District 4, Chapel, Talbot County, Maryland!!Estimate","District 5, Bay Hundred, Talbot County, Maryland!!Estimate","District 1, Sharpsburg, Washington County, Maryland!!Estimate","District 2, Williamsport, Washington County, Maryland!!Estimate","District 3, Hagerstown, Washington County, Maryland!!Estimate","District 4, Clear Spring, Washington County, Maryland!!Estimate","District 5, Hancock, Washington County, Maryland!!Estimate","District 6, Boonsboro, Washington County, Maryland!!Estimate","District 7, Smithsburg, Washington County, Maryland!!Estimate","District 8, Rohrersville, Washington County, Maryland!!Estimate","District 9, Leitersburg, Washington County, Maryland!!Estimate","District 10, Funkstown, Washington County, Maryland!!Estimate","District 11, Sandy Hook, Washington County, Maryland!!Estimate","District 12, Fairplay, Washington County, Maryland!!Estimate","District 13, Maugansville, Washington County, Maryland!!Estimate","District 14, Ringgold, Washington County, Maryland!!Estimate","District 15, Indian Spring, Washington County, Maryland!!Estimate","District 16, Beaver Creek, Washington County, Maryland!!Estimate","District 17, Hagerstown, Washington County, Maryland!!Estimate","District 18, Chewsville, Washington County, Maryland!!Estimate","District 19, Keedysville, Washington County, Maryland!!Estimate","District 20, Downsville, Washington County, Maryland!!Estimate","District 21, Hagerstown, Washington County, Maryland!!Estimate","District 22, Hagerstown, Washington County, Maryland!!Estimate","District 23, Wilsons, Washington County, Maryland!!Estimate","District 24, Cedar Lawn, Washington County, Maryland!!Estimate","District 25, Hagerstown, Washington County, Maryland!!Estimate","District 26, Halfway, Washington County, Maryland!!Estimate","District 27, Fountain Head, Washington County, Maryland!!Estimate","District 1, Barren Creek, Wicomico County, Maryland!!Estimate","District 2, Quantico, Wicomico County, Maryland!!Estimate","District 4, Pittsburg, Wicomico County, Maryland!!Estimate","District 5, Parsons, Wicomico County, Maryland!!Estimate","District 6, Dennis, Wicomico County, Maryland!!Estimate","District 7, Trappe, Wicomico County, Maryland!!Estimate","District 8, Nutters, Wicomico County, Maryland!!Estimate","District 9, Salisbury, Wicomico County, Maryland!!Estimate","District 10, Sharptown, Wicomico County, Maryland!!Estimate","District 11, Delmar, Wicomico County, Maryland!!Estimate","District 13, Camden, Wicomico County, Maryland!!Estimate","District 14, Willards, Wicomico County, Maryland!!Estimate","District 15, Hebron, Wicomico County, Maryland!!Estimate","District 16, Fruitland, Wicomico County, Maryland!!Estimate","District 17, Westside, Wicomico County, Maryland!!Estimate","District 1, Southern, Worcester County, Maryland!!Estimate","District 2, Central, Worcester County, Maryland!!Estimate","District 3, Sinepuxent, Worcester County, Maryland!!Estimate","District 4, Western, Worcester County, Maryland!!Estimate","District 5, Ocean Pines, Worcester County, Maryland!!Estimate","District 6, Northern, Worcester County, Maryland!!Estimate","District 7, Ocean City, Worcester County, Maryland!!Estimate","Baltimore city, Baltimore city, Maryland!!Estimate","Fall River city, Bristol County, Massachusetts!!Estimate","New Bedford city, Bristol County, Massachusetts!!Estimate","Haverhill city, Essex County, Massachusetts!!Estimate","Lawrence city, Essex County, Massachusetts!!Estimate","Lynn city, Essex County, Massachusetts!!Estimate","Springfield city, Hampden County, Massachusetts!!Estimate","Cambridge city, Middlesex County, Massachusetts!!Estimate","Framingham city, Middlesex County, Massachusetts!!Estimate","Lowell city, Middlesex County, Massachusetts!!Estimate","Malden city, Middlesex County, Massachusetts!!Estimate","Medford city, Middlesex County, Massachusetts!!Estimate","Newton city, Middlesex County, Massachusetts!!Estimate","Somerville city, Middlesex County, Massachusetts!!Estimate","Quincy city, Norfolk County, Massachusetts!!Estimate","Brockton city, Plymouth County, Massachusetts!!Estimate","Boston city, Suffolk County, Massachusetts!!Estimate","Worcester city, Worcester County, Massachusetts!!Estimate","Camden city, Camden County, New Jersey!!Estimate","Cherry Hill township, Camden County, New Jersey!!Estimate","Gloucester township, Camden County, New Jersey!!Estimate","East Orange city, Essex County, New Jersey!!Estimate","Newark city, Essex County, New Jersey!!Estimate","Bayonne city, Hudson County, New Jersey!!Estimate","Jersey City city, Hudson County, New Jersey!!Estimate","Union City city, Hudson County, New Jersey!!Estimate","Hamilton township, Mercer County, New Jersey!!Estimate","Trenton city, Mercer County, New Jersey!!Estimate","Edison township, Middlesex County, New Jersey!!Estimate","Old Bridge township, Middlesex County, New Jersey!!Estimate","Woodbridge township, Middlesex County, New Jersey!!Estimate","Middletown township, Monmouth County, New Jersey!!Estimate","Brick township, Ocean County, New Jersey!!Estimate","Lakewood township, Ocean County, New Jersey!!Estimate","Toms River township, Ocean County, New Jersey!!Estimate","Clifton city, Passaic County, New Jersey!!Estimate","Passaic city, Passaic County, New Jersey!!Estimate","Paterson city, Passaic County, New Jersey!!Estimate","Franklin township, Somerset County, New Jersey!!Estimate","Elizabeth city, Union County, New Jersey!!Estimate","Albany city, Albany County, New York!!Estimate","Colonie town, Albany County, New York!!Estimate","Bronx borough, Bronx County, New York!!Estimate","Amherst town, Erie County, New York!!Estimate","Buffalo city, Erie County, New York!!Estimate","Cheektowaga town, Erie County, New York!!Estimate","Tonawanda town, Erie County, New York!!Estimate","Brooklyn borough, Kings County, New York!!Estimate","Greece town, Monroe County, New York!!Estimate","Rochester city, Monroe County, New York!!Estimate","Hempstead town, Nassau County, New York!!Estimate","North Hempstead town, Nassau County, New York!!Estimate","Oyster Bay town, Nassau County, New York!!Estimate","Manhattan borough, New York County, New York!!Estimate","Syracuse city, Onondaga County, New York!!Estimate","Queens borough, Queens County, New York!!Estimate","Staten Island borough, Richmond County, New York!!Estimate","Clarkstown town, Rockland County, New York!!Estimate","Ramapo town, Rockland County, New York!!Estimate","Schenectady city, Schenectady County, New York!!Estimate","Babylon town, Suffolk County, New York!!Estimate","Brookhaven town, Suffolk County, New York!!Estimate","Huntington town, Suffolk County, New York!!Estimate","Islip town, Suffolk County, New York!!Estimate","Smithtown town, Suffolk County, New York!!Estimate","Southampton town, Suffolk County, New York!!Estimate","Greenburgh town, Westchester County, New York!!Estimate","Mount Vernon city, Westchester County, New York!!Estimate","New Rochelle city, Westchester County, New York!!Estimate","Yonkers city, Westchester County, New York!!Estimate"
Total,120682.0,74408.0,148365.0,115009.0,138909.0,86971.0,91381.0,136197.0,30316.0,81994.0,7659.0,13247.0,7343.0,12259.0,29582.0,82278.0,43633.0,36270.0,68184.0,67730.0,91374.0,30443.0,41818.0,9972.0,27831.0,71034.0,13082.0,16490.0,25047.0,40780.0,24707.0,32405.0,22238.0,27139.0,38780.0,193547.0,5384.0,42625.0,2805.0,27419.0,7949.0,15360.0,12609.0,26171.0,1800.0,84950.0,46600.0,11649.0,9885.0,1325.0,6060.0,5908.0,14523.0,23717.0,128303.0,48030.0,17420.0,136959.0,7307.0,45590.0,121010.0,6.0,71084.0,11297.0,1.0,237584.0,221309.0,205954.0,312047.0,54830.0,194631.0,309594.0,292566.0,112391.0,2096.0,7635.0,4022.0,45368.0,100619.0,43913.0,78208.0,76965.0,18079.0,18939.0,70057.0,95161.0,17414.0,22347.0,72720.0,16097.0,269057.0,15895.0,52715.0,1222.0,22874.0,11384.0,12923.0,3814.0,8219.0,58088.0,491921.0,93665.0,343815.0,61569.0,9123.0,4367.0,246237.0,79496.0,38019.0,4677.0,4378.0,3221.0,4912.0,2875.0,15599.0,20360.0,6354.0,11716.0,3866.0,8313.0,7942.0,7060.0,7379.0,4322.0,1791.0,4378.0,14179.0,6971.0,18701.0,21201.0,34852.0,13038.0,7608.0,141123.0,34673.0,24215.0,43451.0,186577.0,146862.0,55833.0,90427.0,88142.0,719728.0,180991.0,10826.0,3513.0,5190.0,21999.0,138987.0,4407.0,1281.0,3658.0,4401.0,6655.0,4508.0,3418.0,13198.0,6178.0,9722.0,4736.0,2494.0,5613.0,115398.0,34953.0,32570.0,40622.0,18369.0,28789.0,29111.0,30902.0,27799.0,28316.0,696.0,122971.0,214342.0,7805.0,169725.0,16560.0,186336.0,39320.0,8566.0,6581.0,38194.0,54026.0,24578.0,17359.0,11111.0,49908.0,22482.0,16521.0,27115.0,16371.0,16463.0,7001.0,11635.0,24632.0,2020.0,5684.0,3560.0,14426.0,257485.0,73803.0,37529.0,36252.0,126990.0,13422.0,19245.0,32892.0,17827.0,155290.0,12559.0,20643.0,66219.0,72537.0,5644.0,347185.0,133363.0,383261.0,163276.0,14639.0,980585.0,128412.0,109235.0,158035.0,179644.0,84958.0,16.0,35432.0,12484.0,11510.0,22602.0,29229.0,23460.0,38849.0,8950.0,57158.0,6087.0,99550.0,1978.0,38298.0,8851.0,31019.0,110639.0,54784.0,652405.0,236704.0,262174.0,110697.0,204523.0,179585.0,9637.0,33401.0,144231.0,341012.0,413.0,93979.0,236562.0,111564.0,116139.0,218257.0,30982.0,168265.0,170663.0,17209.0,5591.0,195523.0,118063.0,62162.0,68292.0,334526.0,15433.0,400410.0,141257.0,71066.0,11632.0,188407.0,275093.0,45204.0,144827.0,16721.0,8046.0,25363.0,23474.0,62481.0,13056.0,21294.0,32913.0,148978.0,89804.0,8522.0,229777.0,6579.0,3358.0,7873.0,6274.0,2042.0,14432.0,0.0,6372.0,1212.0,41284.0,3688.0,28511.0,12312.0,1390.0,1594.0,40227.0,18397.0,28.0,15328.0,11902.0,4749.0,74474.0,23642.0,227054.0,82243.0,219958.0,104252.0,147111.0,28130.0,103702.0,7051.0,9544.0,18379.0,8907.0,14107.0,7314.0,7693.0,3444.0,4387.0,46743.0,45790.0,47514.0,75099.0,104936.0,62912.0,24258.0,60102.0,8988.0,69929.0,12249.0,28282.0,5450.0,15996.0,15997.0,10414.0,2342.0,31869.0,3131.0,7887.0,13996.0,773.0,1003.0,1145.0,8023.0,2385.0,5944.0,6573.0,3603.0,1227.0,1679.0,964.0,2670.0,1950.0,834.0,3080.0,2504.0,2213.0,1162.0,2742.0,2442.0,1281.0,4204.0,6173.0,1586.0,2001.0,85055.0,80539.0,83578.0,99860.0,80170.0,79239.0,79668.0,84068.0,109301.0,56991.0,64206.0,4699.0,5446.0,8965.0,70554.0,103331.0,11130.0,77542.0,55857.0,37505.0,50999.0,110143.0,29483.0,31179.0,32582.0,3338.0,5736.0,7382.0,3622.0,4428.0,2413.0,4137.0,2264.0,10148.0,3877.0,5937.0,17464.0,28290.0,15783.0,39553.0,14663.0,7549.0,1386.0,3867.0,1584.0,10826.0,12298.0,5156.0,5221.0,27948.0,9503.0,26493.0,9630.0,10829.0,3947.0,5149.0,16159.0,1993.0,2793.0,7342.0,4521.0,88790.0,15328.0,18599.0,6762.0,4748.0,2315.0,2610.0,862.0,204.0,178.0,442.0,14838.0,932.0,807.0,186.0,61.0,779.0,468.0,2585.0,4639.0,458.0,149.0,44.0,13841.0,83286.0,11076.0,1096.0,7272.0,2094.0,20417.0,2762.0,33341.0,2574.0,3542.0,4909.0,7718.0,5082.0,8524.0,4733.0,2180.0,10251.0,1932.0,3147.0,14458.0,1584.0,7156.0,5592.0,5108.0,10154.0,2094.0,1791.0,3609.0,431.0,1737.0,2220.0,2344.0,1746.0,1304.0,1786.0,286.0,760.0,571.0,4232.0,551.0,3394.0,93792.0,28177.0,87158.0,22454.0,12910.0,16568.0,53350.0,68298.0,18530.0,15475.0,73466.0,102892.0,3474.0,1946.0,2549.0,6017.0,2555.0,1514.0,1234.0,22114.0,63283.0,7134.0,129090.0,111547.0,51220.0,103102.0,49816.0,186916.0,36966.0,2432.0,20058.0,273232.0,31730.0,47182.0,24732.0,2937.0,42583.0,93516.0,65298.0,1895.0,48757.0,66065.0,20465.0,70305.0,80277.0,42163.0,32854.0,17200.0,88759.0,34746.0,21212.0,46567.0,77946.0,2634.0,5069.0,8636.0,19969.0,8923.0,2314.0,2771.0,7233.0,6549.0,19174.0,9923.0,13001.0,12294.0,3062.0,42370.0,208.0,5316.0,326.0,1774.0,950.0,855.0,418.0,2387.0,2109.0,267.0,357.0,212.0,438.0,3943.0,286.0,5034.0,22050.0,5641.0,3932.0,4087.0,1953.0,3026.0,4668.0,9349.0,3789.0,3342.0,6678.0,6183.0,3214.0,3024.0,14977.0,1788.0,5473.0,6007.0,2218.0,1771.0,3964.0,6924.0,12443.0,2250.0,2805.0,9565.0,7013.0,4979.0,1061.0,10523.0,9933.0,7678.0,2830.0,2550.0,4391.0,25158.0,696.0,1162.0,8277.0,18747.0,1606.0,5991.0,16805.0,1971.0,4076.0,8196.0,1359.0,6680.0,7068.0,10301.0,6430.0,8213.0,7139.0,6996.0,584548.0,93689.0,100676.0,0.0,87952.0,100892.0,154058.0,118489.0,70947.0,113594.0,64718.0,65412.0,87382.0,79761.0,101716.0,104833.0,649768.0,205317.0,70998.0,76728.0,65979.0,0.0,305339.0,69527.0,286661.0,65365.0,91544.0,89658.0,107352.0,67733.0,103244.0,66803.0,75646.0,0.0,98341.0,88722.0,69121.0,156639.0,0.0,134274.0,100832.0,85253.0,1379946.0,130554.0,276491.0,0.0,0.0,2590516.0,95334.0,209325.0,787247.0,235942.0,297945.0,1596273.0,144459.0,2278029.0,491133.0,86191.0,151248.0,68810.0,217666.0,488506.0,203242.0,337923.0,115756.0,69495.0,93106.0,71717.0,82292.0,208112.0
Comunidad Asiática,4279.0,1735.0,7198.0,5437.0,9725.0,2516.0,2398.0,10305.0,603.0,2398.0,84.0,205.0,107.0,125.0,711.0,5038.0,4313.0,511.0,3344.0,4345.0,2859.0,2964.0,3832.0,874.0,4210.0,949.0,40.0,376.0,116.0,755.0,295.0,423.0,385.0,349.0,359.0,13695.0,146.0,1385.0,37.0,1412.0,22.0,182.0,13.0,464.0,50.0,2375.0,614.0,179.0,2.0,9.0,42.0,95.0,114.0,279.0,2900.0,848.0,108.0,4963.0,0.0,1304.0,2507.0,0.0,761.0,788.0,0.0,9413.0,14393.0,8225.0,5571.0,858.0,4503.0,15113.0,10959.0,2242.0,0.0,31.0,0.0,578.0,1425.0,439.0,738.0,1402.0,231.0,138.0,3066.0,2593.0,251.0,110.0,569.0,23.0,4668.0,82.0,579.0,0.0,29.0,25.0,51.0,0.0,69.0,1388.0,33018.0,2517.0,9999.0,2227.0,26.0,0.0,7441.0,1458.0,1453.0,41.0,3.0,0.0,0.0,0.0,0.0,17.0,0.0,47.0,63.0,0.0,24.0,33.0,52.0,17.0,0.0,1.0,59.0,210.0,339.0,34.0,104.0,35.0,83.0,2229.0,655.0,324.0,461.0,8446.0,9392.0,1137.0,1147.0,1933.0,35020.0,5709.0,120.0,7.0,0.0,227.0,2248.0,0.0,0.0,0.0,12.0,20.0,15.0,14.0,66.0,148.0,26.0,7.0,0.0,2.0,3795.0,669.0,434.0,1792.0,67.0,310.0,275.0,198.0,524.0,52.0,4.0,2368.0,3610.0,83.0,2914.0,165.0,3048.0,581.0,23.0,72.0,1580.0,2307.0,798.0,864.0,137.0,1500.0,971.0,485.0,1133.0,226.0,347.0,0.0,108.0,246.0,3.0,5.0,3.0,13.0,5238.0,2491.0,458.0,748.0,1687.0,177.0,104.0,320.0,219.0,3445.0,28.0,395.0,753.0,1314.0,97.0,2449.0,591.0,7516.0,4687.0,35.0,14512.0,2812.0,998.0,3886.0,2685.0,1378.0,0.0,564.0,89.0,75.0,165.0,182.0,204.0,553.0,60.0,1406.0,245.0,3797.0,0.0,1643.0,28.0,356.0,3616.0,3679.0,24397.0,21982.0,15978.0,5779.0,5074.0,5465.0,255.0,309.0,4690.0,8496.0,0.0,1979.0,5119.0,3613.0,5195.0,9023.0,694.0,3008.0,7726.0,88.0,180.0,4981.0,1823.0,1436.0,1713.0,9771.0,206.0,18568.0,3654.0,1560.0,31.0,3328.0,5176.0,100.0,2777.0,139.0,9.0,26.0,257.0,3193.0,98.0,267.0,815.0,4348.0,1433.0,11.0,5238.0,9.0,14.0,18.0,215.0,0.0,103.0,0.0,93.0,17.0,1031.0,56.0,355.0,417.0,0.0,9.0,1118.0,339.0,0.0,508.0,232.0,45.0,1241.0,623.0,3579.0,1653.0,7579.0,5782.0,10537.0,108.0,1323.0,49.0,104.0,92.0,0.0,48.0,4.0,8.0,10.0,0.0,1399.0,896.0,1179.0,842.0,1881.0,553.0,429.0,1241.0,30.0,1710.0,238.0,47.0,3.0,3.0,133.0,114.0,0.0,597.0,36.0,27.0,188.0,0.0,0.0,0.0,17.0,0.0,111.0,74.0,11.0,0.0,36.0,39.0,51.0,0.0,0.0,18.0,28.0,0.0,0.0,44.0,0.0,8.0,108.0,86.0,0.0,0.0,4682.0,4448.0,2038.0,6400.0,2568.0,1894.0,1681.0,10071.0,3493.0,1826.0,4100.0,45.0,158.0,88.0,6046.0,5864.0,153.0,8661.0,1335.0,1947.0,3750.0,4156.0,392.0,692.0,776.0,36.0,5.0,18.0,14.0,0.0,0.0,72.0,8.0,82.0,45.0,65.0,452.0,1433.0,75.0,677.0,335.0,81.0,0.0,13.0,58.0,270.0,260.0,30.0,0.0,396.0,256.0,384.0,239.0,22.0,0.0,73.0,489.0,7.0,27.0,302.0,58.0,3348.0,414.0,554.0,108.0,34.0,20.0,0.0,0.0,0.0,0.0,0.0,328.0,0.0,6.0,0.0,22.0,0.0,0.0,0.0,50.0,12.0,0.0,0.0,1128.0,4462.0,591.0,0.0,32.0,20.0,2748.0,74.0,1825.0,0.0,8.0,72.0,125.0,81.0,28.0,117.0,66.0,204.0,25.0,35.0,721.0,32.0,542.0,241.0,127.0,282.0,0.0,1.0,15.0,17.0,1.0,0.0,5.0,0.0,8.0,0.0,0.0,0.0,0.0,58.0,0.0,15.0,2846.0,824.0,2872.0,639.0,103.0,418.0,10184.0,19390.0,4698.0,1186.0,14699.0,12425.0,18.0,52.0,9.0,108.0,0.0,0.0,0.0,2476.0,17485.0,521.0,26888.0,14756.0,16885.0,10838.0,6203.0,32919.0,7439.0,42.0,1094.0,24127.0,3255.0,1106.0,206.0,11.0,2299.0,964.0,2074.0,25.0,891.0,5280.0,257.0,2456.0,1083.0,3091.0,697.0,871.0,2454.0,285.0,948.0,1579.0,9405.0,0.0,45.0,110.0,330.0,30.0,42.0,0.0,150.0,110.0,634.0,39.0,47.0,49.0,29.0,1781.0,0.0,0.0,0.0,0.0,0.0,71.0,81.0,25.0,7.0,0.0,0.0,0.0,4.0,18.0,0.0,0.0,343.0,56.0,14.0,32.0,43.0,19.0,93.0,37.0,72.0,18.0,28.0,79.0,42.0,0.0,111.0,0.0,17.0,396.0,6.0,0.0,171.0,85.0,365.0,38.0,0.0,300.0,156.0,65.0,14.0,223.0,117.0,241.0,31.0,23.0,26.0,833.0,0.0,0.0,288.0,790.0,0.0,262.0,357.0,5.0,3.0,262.0,66.0,45.0,110.0,100.0,68.0,377.0,49.0,53.0,15045.0,1777.0,1938.0,0.0,2658.0,9430.0,5111.0,24188.0,4965.0,31005.0,19781.0,8672.0,12919.0,8924.0,30148.0,4413.0,63849.0,14708.0,1837.0,10969.0,2166.0,0.0,7547.0,5298.0,78512.0,1506.0,4226.0,1078.0,51324.0,9333.0,26426.0,1389.0,1425.0,0.0,2157.0,7191.0,2259.0,6889.0,0.0,3597.0,6457.0,9630.0,55344.0,9692.0,24814.0,0.0,0.0,320900.0,3339.0,6656.0,62534.0,62764.0,46291.0,199664.0,10525.0,597954.0,65112.0,12208.0,4951.0,6244.0,7621.0,26278.0,12593.0,11361.0,6240.0,1722.0,9040.0,2399.0,2441.0,12272.0
Region,Connecticut,Connecticut,Connecticut,Connecticut,Connecticut,Connecticut,Connecticut,Connecticut,Delaware,Delaware,Delaware,Delaware,Delaware,Delaware,Delaware,Delaware,Delaware,Delaware,Delaware,Delaware,Delaware,Delaware,Delaware,Delaware,Delaware,Delaware,Delaware,Delaware,Delaware,Delaware,Delaware,Delaware,Delaware,Delaware,Delaware,Florida,Florida,Florida,Florida,Florida,Florida,Florida,Florida,Florida,Florida,Florida,Florida,Florida,Florida,Florida,Florida,Florida,Florida,Florida,Florida,Florida,Florida,Florida,Florida,Florida,Florida,Florida,Florida,Florida,Florida,Florida,Florida,Florida,Florida,Florida,Florida,Florida,Florida,Florida,Florida,Florida,Florida,Florida,Florida,Florida,Florida,Florida,Florida,Florida,Florida,Florida,Florida,Florida,Florida,Florida,Florida,Florida,Florida,Florida,Florida,Florida,Florida,Florida,Florida,Florida,Florida,Florida,Florida,Florida,Florida,Florida,Florida,Florida,Florida,Florida,Florida,Florida,Florida,Florida,Florida,Florida,Florida,Florida,Florida,Florida,Florida,Florida,Florida,Florida,Florida,Florida,Florida,Florida,Florida,Florida,Florida,Florida,Florida,Florida,Florida,Florida,Florida,Florida,Florida,Florida,Florida,Florida,Florida,Florida,Florida,Florida,Florida,Florida,Florida,Florida,Florida,Florida,Florida,Florida,Florida,Florida,Florida,Florida,Florida,Florida,Florida,Florida,Florida,Florida,Florida,Florida,Florida,Florida,Florida,Florida,Florida,Florida,Florida,Florida,Florida,Florida,Florida,Florida,Florida,Florida,Florida,Florida,Florida,Florida,Florida,Florida,Florida,Florida,Florida,Florida,Florida,Florida,Florida,Florida,Florida,Florida,Florida,Florida,Florida,Florida,Florida,Florida,Florida,Florida,Florida,Florida,Florida,Florida,Florida,Florida,Florida,Florida,Florida,Florida,Florida,Florida,Florida,Florida,Florida,Florida,Florida,Florida,Florida,Florida,Florida,Florida,Florida,Florida,Florida,Florida,Florida,Florida,Florida,Florida,Florida,Florida,Florida,Florida,Florida,Florida,Florida,Florida,Florida,Florida,Florida,Florida,Florida,Florida,Florida,Florida,Florida,Florida,Florida,Florida,Florida,Florida,Florida,Florida,Florida,Florida,Florida,Florida,Florida,Florida,Florida,Florida,Florida,Florida,Florida,Florida,Florida,Florida,Florida,Florida,Florida,Florida,Florida,Florida,Florida,Florida,Florida,Florida,Florida,Florida,Florida,Florida,Florida,Florida,Florida,Florida,Florida,Florida,Florida,Florida,Florida,Florida,Florida,Florida,Florida,Florida,Florida,Florida,Florida,Florida,Florida,Florida,Florida,Florida,Florida,Florida,Florida,Florida,Florida,Florida,Florida,Florida,Florida,Florida,Florida,Florida,Florida,Florida,Florida,Florida,Florida,Florida,Florida,Florida,Florida,Florida,Florida,Florida,Florida,Florida,Florida,Florida,Florida,Florida,Florida,Florida,Florida,Florida,Florida,Florida,Florida,Florida,Florida,Florida,Florida,Florida,Florida,Maryland,Maryland,Maryland,Maryland,Maryland,Maryland,Maryland,Maryland,Maryland,Maryland,Maryland,Maryland,Maryland,Maryland,Maryland,Maryland,Maryland,Maryland,Maryland,Maryland,Maryland,Maryland,Maryland,Maryland,Maryland,Maryland,Maryland,Maryland,Maryland,Maryland,Maryland,Maryland,Maryland,Maryland,Maryland,Maryland,Maryland,Maryland,Maryland,Maryland,Maryland,Maryland,Maryland,Maryland,Maryland,Maryland,Maryland,Maryland,Maryland,Maryland,Maryland,Maryland,Maryland,Maryland,Maryland,Maryland,Maryland,Maryland,Maryland,Maryland,Maryland,Maryland,Maryland,Maryland,Maryland,Maryland,Maryland,Maryland,Maryland,Maryland,Maryland,Maryland,Maryland,Maryland,Maryland,Maryland,Maryland,Maryland,Maryland,Maryland,Maryland,Maryland,Maryland,Maryland,Maryland,Maryland,Maryland,Maryland,Maryland,Maryland,Maryland,Maryland,Maryland,Maryland,Maryland,Maryland,Maryland,Maryland,Maryland,Maryland,Maryland,Maryland,Maryland,Maryland,Maryland,Maryland,Maryland,Maryland,Maryland,Maryland,Maryland,Maryland,Maryland,Maryland,Maryland,Maryland,Maryland,Maryland,Maryland,Maryland,Maryland,Maryland,Maryland,Maryland,Maryland,Maryland,Maryland,Maryland,Maryland,Maryland,Maryland,Maryland,Maryland,Maryland,Maryland,Maryland,Maryland,Maryland,Maryland,Maryland,Maryland,Maryland,Maryland,Maryland,Maryland,Maryland,Maryland,Maryland,Maryland,Maryland,Maryland,Maryland,Maryland,Maryland,Maryland,Maryland,Maryland,Maryland,Maryland,Maryland,Maryland,Maryland,Maryland,Maryland,Maryland,Maryland,Maryland,Maryland,Maryland,Maryland,Maryland,Maryland,Maryland,Maryland,Maryland,Maryland,Maryland,Maryland,Maryland,Maryland,Maryland,Maryland,Maryland,Maryland,Maryland,Maryland,Maryland,Maryland,Maryland,Maryland,Maryland,Maryland,Maryland,Maryland,Maryland,Maryland,Maryland,Maryland,Maryland,Maryland,Maryland,Maryland,Maryland,Maryland,Maryland,Maryland,Maryland,Maryland,Maryland,Maryland,Maryland,Maryland,Maryland,Maryland,Maryland,Maryland,Maryland,Maryland,Maryland,Maryland,Maryland,Maryland,Maryland,Maryland,Maryland,Maryland,Maryland,Maryland,Maryland,Maryland,Maryland,Maryland,Maryland,Maryland,Maryland,Maryland,Maryland,Maryland,Maryland,Maryland,Maryland,Maryland,Maryland,Maryland,Maryland,Maryland,Maryland,Maryland,Maryland,Maryland,Maryland,Maryland,Maryland,Maryland,Maryland,Maryland,Maryland,Maryland,Maryland,Maryland,Maryland,Maryland,Maryland,Maryland,Maryland,Maryland,Maryland,Maryland,Maryland,Maryland,Maryland,Maryland,Maryland,Maryland,Maryland,Maryland,Maryland,Maryland,Maryland,Maryland,Maryland,Maryland,Maryland,Maryland,Maryland,Maryland,Maryland,Maryland,Maryland,Maryland,Massachusetts,Massachusetts,Massachusetts,Massachusetts,Massachusetts,Massachusetts,Massachusetts,Massachusetts,Massachusetts,Massachusetts,Massachusetts,Massachusetts,Massachusetts,Massachusetts,Massachusetts,Massachusetts,Massachusetts,New Jersey,New Jersey,New Jersey,New Jersey,New Jersey,New Jersey,New Jersey,New Jersey,New Jersey,New Jersey,New Jersey,New Jersey,New Jersey,New Jersey,New Jersey,New Jersey,New Jersey,New Jersey,New Jersey,New Jersey,New Jersey,New Jersey,New York,New York,New York,New York,New York,New York,New York,New York,New York,New York,New York,New York,New York,New York,New York,New York,New York,New York,New York,New York,New York,New York,New York,New York,New York,New York,New York,New York,New York,New York
